{
  "roc_auc": 0.7184154193982876,
  "pr_auc": 0.18188522469663643,
  "confusion_matrix": [
    [
      2566,
      1118
    ],
    [
      119,
      197
    ]
  ]
}